Workbook

Sheet V_3regions
A1: city_id | B1: Vcore | C1: Vexpansion | D1: Vperi | E1: lon | F1: lat | G1: continent | H1: Largest
A2: 12 | B2: 0.031445289 | C2: 0.005500078 | D2: 0.005407111 | E2: 174.9133 | F2: -36.930864 | G2: Oceania | H2: =INDEX($B$1:$D$1, MATCH(MAX($B2:$D2), $B2:$D2, 0)) -> Vcore
A3: 119 | B3: 0.007622466 | C3: 0.064603107 | D3: 0.053750465 | E3: -93.218851 | F3: 44.997376 | G3: North America | H3: =INDEX($B$1:$D$1, MATCH(MAX($B3:$D3), $B3:$D3, 0)) -> Vexpansion
A4: 291 | B4: 0.014492726 | C4: 0.015003097 | D4: 0.017540386 | E4: -96.852042 | F4: 46.858236 | G4: North America | H4: =INDEX($B$1:$D$1, MATCH(MAX($B4:$D4), $B4:$D4, 0)) -> Vperi
A5: 394 | B5: -0.042909899 | C5: -0.026910228 | D5: 0.003716494 | E5: -3.9944487 | F5: 5.3533752 | G5: Africa | H5: =INDEX($B$1:$D$1, MATCH(MAX($B5:$D5), $B5:$D5, 0)) -> Vperi
A6: 404 | B6: 0.004192826 | C6: 0.005549738 | D6: 0.020477594 | E6: -5.0359106 | F6: 7.6998645 | G6: Africa | H6: =INDEX($B$1:$D$1, MATCH(MAX($B6:$D6), $B6:$D6, 0)) -> Vperi
A7: 513 | B7: 0.031629428 | C7: 0.026754281 | D7: 0.017035787 | E7: 18.35568 | F7: 43.84879 | G7: Europe | H7: =INDEX($B$1:$D$1, MATCH(MAX($B7:$D7), $B7:$D7, 0)) -> Vcore
A8: 536 | B8: -0.07942996 | C8: 0.000721153 | D8: 0.041906647 | E8: -89.626218 | F8: 20.981097 | G8: North America | H8: =INDEX($B$1:$D$1, MATCH(MAX($B8:$D8), $B8:$D8, 0)) -> Vperi
A9: 542 | B9: -0.006079363 | C9: -0.006079363 | D9: 0.012982927 | E9: -90.516763 | F9: 19.835475 | G9: North America | H9: =INDEX($B$1:$D$1, MATCH(MAX($B9:$D9), $B9:$D9, 0)) -> Vperi
A10: 571 | B10: 0.002752169 | C10: 0.002752169 | D10: 0.013309293 | E10: -92.934938 | F10: 17.999678 | G10: North America | H10: =INDEX($B$1:$D$1, MATCH(MAX($B10:$D10), $B10:$D10, 0)) -> Vperi
A11: 575 | B11: -0.02108356 | C11: -0.02108356 | D11: 0.016391399 | E11: -93.120889 | F11: 16.749223 | G11: North America | H11: =INDEX($B$1:$D$1, MATCH(MAX($B11:$D11), $B11:$D11, 0)) -> Vperi
A12: 595 | B12: 0 | C12: 0 | D12: 0.01569871 | E12: -94.447207 | F12: 18.129035 | G12: North America | H12: =INDEX($B$1:$D$1, MATCH(MAX($B12:$D12), $B12:$D12, 0)) -> Vperi
A13: 609 | B13: 0.12607377 | C13: 0.18128467 | D13: 0.077978675 | E13: -96.178171 | F13: 19.168746 | G13: North America | H13: =INDEX($B$1:$D$1, MATCH(MAX($B13:$D13), $B13:$D13, 0)) -> Vexpansion
... A1506: 42428 | B1506: 0.038351595 | C1506: 0.006236741 | D1506: 0.03233007 | E1506: -89.328157 | F1506: 43.119807 | G1506: North America | H1506: =INDEX($B$1:$D$1, MATCH(MAX($B1506:$D1506), $B1506:$D1506, 0)) -> Vcore

Sheet Group_Vpe-co_Expansion
A1: city_id | B1: Expansion | C1: Vpe-co | D1: lon | E1: lat | F1: continent
A2: 12 | B2: 0.90815318 | C2: =V_3regions!D2-V_3regions!B2 -> -0.026038178 | D2: 174.9133 | E2: -36.930864 | F2: Oceania
A3: 119 | B3: 0.333753 | C3: =V_3regions!D3-V_3regions!B3 -> 0.046127999 | D3: -93.218851 | E3: 44.997376 | F3: North America
A4: 291 | B4: 0.55524226 | C4: =V_3regions!D4-V_3regions!B4 -> 0.00304766 | D4: -96.852042 | E4: 46.858236 | F4: North America
A5: 394 | B5: 0.46615037 | C5: =V_3regions!D5-V_3regions!B5 -> 0.046626393 | D5: -3.9944487 | E5: 5.3533752 | F5: Africa
A6: 404 | B6: 0.33918311 | C6: =V_3regions!D6-V_3regions!B6 -> 0.016284768 | D6: -5.0359106 | E6: 7.6998645 | F6: Africa
A7: 513 | B7: 0.76233997 | C7: =V_3regions!D7-V_3regions!B7 -> -0.014593641 | D7: 18.35568 | E7: 43.84879 | F7: Europe
A8: 536 | B8: 0.49927881 | C8: =V_3regions!D8-V_3regions!B8 -> 0.12133661 | D8: -89.626218 | E8: 20.981097 | F8: North America
A9: 542 | B9: 0.28731552 | C9: =V_3regions!D9-V_3regions!B9 -> 0.01906229 | D9: -90.516763 | E9: 19.835475 | F9: North America
A10: 571 | B10: 0.52966986 | C10: =V_3regions!D10-V_3regions!B10 -> 0.010557124 | D10: -92.934938 | E10: 17.999678 | F10: North America
A11: 575 | B11: 0.28669595 | C11: =V_3regions!D11-V_3regions!B11 -> 0.037474959 | D11: -93.120889 | E11: 16.749223 | F11: North America
A12: 595 | B12: 0.40627052 | C12: =V_3regions!D12-V_3regions!B12 -> 0.01569871 | D12: -94.447207 | E12: 18.129035 | F12: North America
A13: 609 | B13: 0.48178841 | C13: =V_3regions!D13-V_3regions!B13 -> -0.04809509 | D13: -96.178171 | E13: 19.168746 | F13: North America
... A1506: 42428 | B1506: 0.39563232 | C1506: =V_3regions!D1506-V_3regions!B1506 -> -0.006021525 | D1506: -89.328157 | E1506: 43.119807 | F1506: North America
