Workbook

Sheet VWCI_3regions
A1: city_id | B1: VWCIcore | C1: VWCIex | D1: VWCIperi | E1: lon | F1: lat | G1: continent | H1: Donimant
A2: 12 | B2: 0.031445289 | C2: 0.005500078 | D2: 0.005407111 | E2: 174.9133 | F2: -36.930864 | G2: Oceania | H2: =INDEX($B$1:$D$1, MATCH(MAX($B2:$D2), $B2:$D2, 0)) -> VWCIcore
A3: 119 | B3: 0.007622466 | C3: 0.064603107 | D3: 0.053750465 | E3: -93.218851 | F3: 44.997376 | G3: North America | H3: =INDEX($B$1:$D$1, MATCH(MAX($B3:$D3), $B3:$D3, 0)) -> VWCIex
A4: 291 | B4: 0.014492726 | C4: 0.015003097 | D4: 0.017540386 | E4: -96.852042 | F4: 46.858236 | G4: North America | H4: =INDEX($B$1:$D$1, MATCH(MAX($B4:$D4), $B4:$D4, 0)) -> VWCIperi
A5: 394 | B5: -0.042909899 | C5: -0.026910228 | D5: 0.003716494 | E5: -3.9944487 | F5: 5.3533752 | G5: Africa | H5: =INDEX($B$1:$D$1, MATCH(MAX($B5:$D5), $B5:$D5, 0)) -> VWCIperi
A6: 404 | B6: 0.004192826 | C6: 0.005549738 | D6: 0.020477594 | E6: -5.0359106 | F6: 7.6998645 | G6: Africa | H6: =INDEX($B$1:$D$1, MATCH(MAX($B6:$D6), $B6:$D6, 0)) -> VWCIperi
A7: 513 | B7: 0.031629428 | C7: 0.026754281 | D7: 0.017035787 | E7: 18.35568 | F7: 43.84879 | G7: Europe | H7: =INDEX($B$1:$D$1, MATCH(MAX($B7:$D7), $B7:$D7, 0)) -> VWCIcore
A8: 536 | B8: -0.07942996 | C8: 0.000721153 | D8: 0.041906647 | E8: -89.626218 | F8: 20.981097 | G8: North America | H8: =INDEX($B$1:$D$1, MATCH(MAX($B8:$D8), $B8:$D8, 0)) -> VWCIperi
A9: 542 | B9: -0.006079363 | C9: -0.006079363 | D9: 0.012982927 | E9: -90.516763 | F9: 19.835475 | G9: North America | H9: =INDEX($B$1:$D$1, MATCH(MAX($B9:$D9), $B9:$D9, 0)) -> VWCIperi
A10: 571 | B10: 0.002752169 | C10: 0.002752169 | D10: 0.013309293 | E10: -92.934938 | F10: 17.999678 | G10: North America | H10: =INDEX($B$1:$D$1, MATCH(MAX($B10:$D10), $B10:$D10, 0)) -> VWCIperi
A11: 575 | B11: -0.02108356 | C11: -0.02108356 | D11: 0.016391399 | E11: -93.120889 | F11: 16.749223 | G11: North America | H11: =INDEX($B$1:$D$1, MATCH(MAX($B11:$D11), $B11:$D11, 0)) -> VWCIperi
A12: 595 | B12: 0 | C12: 0 | D12: 0.01569871 | E12: -94.447207 | F12: 18.129035 | G12: North America | H12: =INDEX($B$1:$D$1, MATCH(MAX($B12:$D12), $B12:$D12, 0)) -> VWCIperi
A13: 609 | B13: 0.12607377 | C13: 0.18128467 | D13: 0.077978675 | E13: -96.178171 | F13: 19.168746 | G13: North America | H13: =INDEX($B$1:$D$1, MATCH(MAX($B13:$D13), $B13:$D13, 0)) -> VWCIex
... A1506: 42428 | B1506: 0.038351595 | C1506: 0.006236741 | D1506: 0.03233007 | E1506: -89.328157 | F1506: 43.119807 | G1506: North America | H1506: =INDEX($B$1:$D$1, MATCH(MAX($B1506:$D1506), $B1506:$D1506, 0)) -> VWCIcore

Sheet Group_VWCIpe-ex_EI
A1: city_id | B1: EI | C1: VWCIpe-ex | D1: lon | E1: lat | F1: continent
A2: 12 | B2: 0.90815318 | C2: =VWCI_3regions!D2-VWCI_3regions!C2 -> -9.2967e-05 | D2: 174.9133 | E2: -36.930864 | F2: Oceania
A3: 119 | B3: 0.333753 | C3: =VWCI_3regions!D3-VWCI_3regions!C3 -> -0.010852642 | D3: -93.218851 | E3: 44.997376 | F3: North America
A4: 291 | B4: 0.55524226 | C4: =VWCI_3regions!D4-VWCI_3regions!C4 -> 0.002537289 | D4: -96.852042 | E4: 46.858236 | F4: North America
A5: 394 | B5: 0.46615037 | C5: =VWCI_3regions!D5-VWCI_3regions!C5 -> 0.030626722 | D5: -3.9944487 | E5: 5.3533752 | F5: Africa
A6: 404 | B6: 0.33918311 | C6: =VWCI_3regions!D6-VWCI_3regions!C6 -> 0.014927856 | D6: -5.0359106 | E6: 7.6998645 | F6: Africa
A7: 513 | B7: 0.76233997 | C7: =VWCI_3regions!D7-VWCI_3regions!C7 -> -0.009718494 | D7: 18.35568 | E7: 43.84879 | F7: Europe
A8: 536 | B8: 0.49927881 | C8: =VWCI_3regions!D8-VWCI_3regions!C8 -> 0.041185494 | D8: -89.626218 | E8: 20.981097 | F8: North America
A9: 542 | B9: 0.28731552 | C9: =VWCI_3regions!D9-VWCI_3regions!C9 -> 0.01906229 | D9: -90.516763 | E9: 19.835475 | F9: North America
A10: 571 | B10: 0.52966986 | C10: =VWCI_3regions!D10-VWCI_3regions!C10 -> 0.010557124 | D10: -92.934938 | E10: 17.999678 | F10: North America
A11: 575 | B11: 0.28669595 | C11: =VWCI_3regions!D11-VWCI_3regions!C11 -> 0.037474959 | D11: -93.120889 | E11: 16.749223 | F11: North America
A12: 595 | B12: 0.40627052 | C12: =VWCI_3regions!D12-VWCI_3regions!C12 -> 0.01569871 | D12: -94.447207 | E12: 18.129035 | F12: North America
A13: 609 | B13: 0.48178841 | C13: =VWCI_3regions!D13-VWCI_3regions!C13 -> -0.10330599 | D13: -96.178171 | E13: 19.168746 | F13: North America
... A1506: 42428 | B1506: 0.39563232 | C1506: =VWCI_3regions!D1506-VWCI_3regions!C1506 -> 0.026093329 | D1506: -89.328157 | E1506: 43.119807 | F1506: North America

Sheet Group_VWCIperi_LAItrend
A1: city_id | B1: LAItrend | C1: VWCIperi | D1: lon | E1: lat | F1: continent
A2: 12 | B2: -0.0098981398 | C2: R | D2: 174.9133 | E2: -36.930864 | F2: Oceania
A3: 119 | B3: 0.0048487137 | C3: 0.053750465 | D3: -93.218851 | E3: 44.997376 | F3: North America
A4: 291 | B4: 0.005980978 | C4: 0.017540386 | D4: -96.852042 | E4: 46.858236 | F4: North America
A5: 394 | B5: 0.014414446 | C5: 0.003716494 | D5: -3.9944487 | E5: 5.3533752 | F5: Africa
A6: 404 | B6: 0.017860519 | C6: 0.020477594 | D6: -5.0359106 | E6: 7.6998645 | F6: Africa
A7: 513 | B7: 0.013536194 | C7: 0.017035787 | D7: 18.35568 | E7: 43.84879 | F7: Europe
A8: 536 | B8: 0.012939525 | C8: 0.041906647 | D8: -89.626218 | E8: 20.981097 | F8: North America
A9: 542 | B9: 0.0087816336 | C9: 0.012982927 | D9: -90.516763 | E9: 19.835475 | F9: North America
A10: 571 | B10: 0.010466816 | C10: 0.013309293 | D10: -92.934938 | E10: 17.999678 | F10: North America
A11: 575 | B11: 0.011478531 | C11: 0.016391399 | D11: -93.120889 | E11: 16.749223 | F11: North America
A12: 595 | B12: 0.0091542922 | C12: 0.01569871 | D12: -94.447207 | E12: 18.129035 | F12: North America
A13: 609 | B13: 0.0027136339 | C13: 0.077978675 | D13: -96.178171 | E13: 19.168746 | F13: North America
A14: 616 | B14: 0.014739426 | C14: 0.005893728 | D14: -96.735351 | E14: 17.078546 | F14: North America
... A1506: 42428 | B1506: 0.0047288273 | C1506: 0.03233007 | D1506: -89.328157 | E1506: 43.119807 | F1506: North America

Sheet RCperi_RCperi-ex
A1: city_id | B1: |VWCIperi| | C1: |VWCIpe-ex| | D1: VWCIperi | E1: VWCIpe-ex | F1: lon | G1: lat | H1: continent | I1: Rcperi | J1: RCpe-ex
A2: 12 | B2: =ABS(D2) -> 0.005407111 | C2: =ABS(E2) -> 9.2967e-05 | D2: 0.005407111 | E2: =VWCI_3regions!D2-VWCI_3regions!C2 -> -9.2967e-05 | F2: 174.9133 | G2: -36.930864 | H2: Oceania | I2: =B2/(B2+C2) -> 0.98309715 | J2: =C2/(B2+C2) -> 0.016902851
A3: 119 | B3: =ABS(D3) -> 0.053750465 | C3: =ABS(E3) -> 0.010852642 | D3: 0.053750465 | E3: =VWCI_3regions!D3-VWCI_3regions!C3 -> -0.010852642 | F3: -93.218851 | G3: 44.997376 | H3: North America | I3: =B3/(B3+C3) -> 0.83201053 | J3: =C3/(B3+C3) -> 0.16798947
A4: 291 | B4: =ABS(D4) -> 0.017540386 | C4: =ABS(E4) -> 0.002537289 | D4: 0.017540386 | E4: =VWCI_3regions!D4-VWCI_3regions!C4 -> 0.002537289 | F4: -96.852042 | G4: 46.858236 | H4: North America | I4: =B4/(B4+C4) -> 0.87362635 | J4: =C4/(B4+C4) -> 0.12637365
A5: 394 | B5: =ABS(D5) -> 0.003716494 | C5: =ABS(E5) -> 0.030626722 | D5: 0.003716494 | E5: =VWCI_3regions!D5-VWCI_3regions!C5 -> 0.030626722 | F5: -3.9944487 | G5: 5.3533752 | H5: Africa | I5: =B5/(B5+C5) -> 0.10821625 | J5: =C5/(B5+C5) -> 0.89178375
A6: 404 | B6: =ABS(D6) -> 0.020477594 | C6: =ABS(E6) -> 0.014927856 | D6: 0.020477594 | E6: =VWCI_3regions!D6-VWCI_3regions!C6 -> 0.014927856 | F6: -5.0359106 | G6: 7.6998645 | H6: Africa | I6: =B6/(B6+C6) -> 0.57837406 | J6: =C6/(B6+C6) -> 0.42162594
A7: 513 | B7: =ABS(D7) -> 0.017035787 | C7: =ABS(E7) -> 0.009718494 | D7: 0.017035787 | E7: =VWCI_3regions!D7-VWCI_3regions!C7 -> -0.009718494 | F7: 18.35568 | G7: 43.84879 | H7: Europe | I7: =B7/(B7+C7) -> 0.63674995 | J7: =C7/(B7+C7) -> 0.36325005
A8: 536 | B8: =ABS(D8) -> 0.041906647 | C8: =ABS(E8) -> 0.041185494 | D8: 0.041906647 | E8: =VWCI_3regions!D8-VWCI_3regions!C8 -> 0.041185494 | F8: -89.626218 | G8: 20.981097 | H8: North America | I8: =B8/(B8+C8) -> 0.50433948 | J8: =C8/(B8+C8) -> 0.49566052
A9: 542 | B9: =ABS(D9) -> 0.012982927 | C9: =ABS(E9) -> 0.01906229 | D9: 0.012982927 | E9: =VWCI_3regions!D9-VWCI_3regions!C9 -> 0.01906229 | F9: -90.516763 | G9: 19.835475 | H9: North America | I9: =B9/(B9+C9) -> 0.40514399 | J9: =C9/(B9+C9) -> 0.59485601
A10: 571 | B10: =ABS(D10) -> 0.013309293 | C10: =ABS(E10) -> 0.010557124 | D10: 0.013309293 | E10: =VWCI_3regions!D10-VWCI_3regions!C10 -> 0.010557124 | F10: -92.934938 | G10: 17.999678 | H10: North America | I10: =B10/(B10+C10) -> 0.55765777 | J10: =C10/(B10+C10) -> 0.44234223
A11: 575 | B11: =ABS(D11) -> 0.016391399 | C11: =ABS(E11) -> 0.037474959 | D11: 0.016391399 | E11: =VWCI_3regions!D11-VWCI_3regions!C11 -> 0.037474959 | F11: -93.120889 | G11: 16.749223 | H11: North America | I11: =B11/(B11+C11) -> 0.30429752 | J11: =C11/(B11+C11) -> 0.69570248
A12: 595 | B12: =ABS(D12) -> 0.01569871 | C12: =ABS(E12) -> 0.01569871 | D12: 0.01569871 | E12: =VWCI_3regions!D12-VWCI_3regions!C12 -> 0.01569871 | F12: -94.447207 | G12: 18.129035 | H12: North America | I12: =B12/(B12+C12) -> 0.5 | J12: =C12/(B12+C12) -> 0.5
A13: 609 | B13: =ABS(D13) -> 0.077978675 | C13: =ABS(E13) -> 0.10330599 | D13: 0.077978675 | E13: =VWCI_3regions!D13-VWCI_3regions!C13 -> -0.10330599 | F13: -96.178171 | G13: 19.168746 | H13: North America | I13: =B13/(B13+C13) -> 0.4301449 | J13: =C13/(B13+C13) -> 0.5698551
... A916: 24265 | B916: =ABS(D916) -> 0.008676214 | C916: =ABS(E916) -> 0.033431092 | D916: -0.008676214 | E916: =VWCI_3regions!D916-VWCI_3regions!C916 -> 0.033431092 | F916: -7.9212543 | G916: 12.618949 | H916: Africa | I916: =B916/(B916+C916) -> 0.20605009 | J916: =C916/(B916+C916) -> 0.79394991
A917: 24273 | B917: =ABS(D917) -> 0 | C917: =ABS(E917) -> 0 | D917: 0 | E917: =VWCI_3regions!D917-VWCI_3regions!C917 -> 0 | F917: 14.494227 | G917: 35.875928 | H917: Europe | I917: 0 | J917: 0
A918: 24276 | B918: =ABS(D918) -> 0.006834174 | C918: =ABS(E918) -> 0.004338241 | D918: 0.006834174 | E918: =VWCI_3regions!D918-VWCI_3regions!C918 -> 0.004338241 | F918: -15.979412 | G918: 18.058967 | H918: Africa | I918: =B918/(B918+C918) -> 0.61170069 | J918: =C918/(B918+C918) -> 0.38829931
A919: 24286 | B919: =ABS(D919) -> 0.037333662 | C919: =ABS(E919) -> 0.015030572 | D919: 0.037333662 | E919: =VWCI_3regions!D919-VWCI_3regions!C919 -> 0.015030572 | F919: 27.912093 | G919: 47.755384 | H919: Europe | I919: =B919/(B919+C919) -> 0.7129611 | J919: =C919/(B919+C919) -> 0.2870389
A920: 24309 | B920: =ABS(D920) -> 0.057420063 | C920: =ABS(E920) -> 0.023568668 | D920: 0.057420063 | E920: =VWCI_3regions!D920-VWCI_3regions!C920 -> 0.023568668 | F920: 28.848317 | G920: 47.001877 | H920: Europe | I920: =B920/(B920+C920) -> 0.7089883 | J920: =C920/(B920+C920) -> 0.2910117
A921: 24322 | B921: =ABS(D921) -> 0.000688922 | C921: =ABS(E921) -> 0.020889655 | D921: -0.000688922 | E921: =VWCI_3regions!D921-VWCI_3regions!C921 -> 0.020889655 | F921: 29.460609 | G921: 46.825493 | H921: Europe | I921: =B921/(B921+C921) -> 0.031926202 | J921: =C921/(B921+C921) -> 0.9680738
A922: 24324 | B922: =ABS(D922) -> 0.012652401 | C922: =ABS(E922) -> 0.021437639 | D922: -0.012652401 | E922: =VWCI_3regions!D922-VWCI_3regions!C922 -> 0.021437639 | F922: 29.626483 | G922: 46.848534 | H922: Europe | I922: =B922/(B922+C922) -> 0.37114656 | J922: =C922/(B922+C922) -> 0.62885344
A923: 24336 | B923: =ABS(D923) -> 0.037008528 | C923: =ABS(E923) -> 0.051768499 | D923: 0.037008528 | E923: =VWCI_3regions!D923-VWCI_3regions!C923 -> 0.051768499 | F923: 106.89166 | G923: 47.935137 | H923: Asia | I923: =B923/(B923+C923) -> 0.41687055 | J923: =C923/(B923+C923) -> 0.58312945
A924: 24349 | B924: =ABS(D924) -> 0.082941455 | C924: =ABS(E924) -> 0.050251839 | D924: -0.082941455 | E924: =VWCI_3regions!D924-VWCI_3regions!C924 -> -0.050251839 | F924: -2.9474623 | G924: 35.163249 | H924: Africa | I924: =B924/(B924+C924) -> 0.62271495 | J924: =C924/(B924+C924) -> 0.37728505
A925: 24369 | B925: =ABS(D925) -> 0.046004423 | C925: =ABS(E925) -> 0.000488344 | D925: 0.046004423 | E925: =VWCI_3regions!D925-VWCI_3regions!C925 -> 0.000488344 | F925: -4.0073845 | G925: 34.219883 | H925: Africa | I925: =B925/(B925+C925) -> 0.98949634 | J925: =C925/(B925+C925) -> 0.010503655
A926: 24381 | B926: =ABS(D926) -> 0.01482537 | C926: =ABS(E926) -> 0.024905345 | D926: 0.01482537 | E926: =VWCI_3regions!D926-VWCI_3regions!C926 -> -0.024905345 | F926: -5.0120603 | G926: 34.026791 | H926: Africa | I926: =B926/(B926+C926) -> 0.37314632 | J926: =C926/(B926+C926) -> 0.62685368
A927: 24389 | B927: =ABS(D927) -> 0.028047329 | C927: =ABS(E927) -> 0.060299309 | D927: 0.028047329 | E927: =VWCI_3regions!D927-VWCI_3regions!C927 -> -0.060299309 | F927: -5.3510845 | G927: 35.58393 | H927: Africa | I927: =B927/(B927+C927) -> 0.31746912 | J927: =C927/(B927+C927) -> 0.68253088
A928: 24395 | B928: =ABS(D928) -> 0.012947401 | C928: =ABS(E928) -> 0.01261455 | D928: 0.012947401 | E928: =VWCI_3regions!D928-VWCI_3regions!C928 -> -0.01261455 | F928: -5.5596733 | G928: 33.876413 | H928: Africa | I928: =B928/(B928+C928) -> 0.50651067 | J928: =C928/(B928+C928) -> 0.49348933
A929: 24400 | B929: =ABS(D929) -> 0.004095681 | C929: =ABS(E929) -> 0.004095681 | D929: -0.004095681 | E929: =VWCI_3regions!D929-VWCI_3regions!C929 -> -0.004095681 | F929: -5.8194661 | G929: 35.746705 | H929: Africa | I929: =B929/(B929+C929) -> 0.5 | J929: =C929/(B929+C929) -> 0.5
... A1506: 42428 | B1506: =ABS(D1506) -> 0.03233007 | C1506: =ABS(E1506) -> 0.026093329 | D1506: 0.03233007 | E1506: =VWCI_3regions!D1506-VWCI_3regions!C1506 -> 0.026093329 | F1506: -89.328157 | G1506: 43.119807 | H1506: North America | I1506: =B1506/(B1506+C1506) -> 0.55337537 | J1506: =C1506/(B1506+C1506) -> 0.44662463
